Date,Time,Global_active_power,Global_reactive_power,Voltage,Global_intensity,Sub_metering_1,Sub_metering_2,Sub_metering_3
01/01/2023,00:00:00,6.0908932596024385,0.12883097818820122,221.61899404044712,22.14007666362186,5,7,9
01/01/2023,01:00:00,6.43611442626618,0.6391164689248664,231.54343253247993,23.972221253511165,1,4,4
01/01/2023,02:00:00,4.249581536790922,0.9295052713094664,238.72480775614406,18.31714201784539,2,9,0
01/01/2023,03:00:00,4.776542266702603,1.304214254386185,237.3338269679879,20.96815455623049,7,7,5
01/01/2023,04:00:00,2.5414857081537603,0.955098668052395,239.6515784598441,28.833002010856383,0,7,9
01/01/2023,05:00:00,5.804816127871147,0.7418523823109716,230.55668075122549,7.527214854355373,2,8,9
01/01/2023,06:00:00,4.792734570694138,0.8373875971538985,235.75861876875533,12.7211818695405,9,9,6
01/01/2023,07:00:00,4.021081067787979,0.5603573254808863,236.8080066297868,20.28392532745956,0,5,0
01/01/2023,08:00:00,1.360651336470375,1.8565391372707005,232.96063314661723,29.101353253287233,7,3,9
01/01/2023,09:00:00,6.495609775066923,1.0913121290027377,226.77499808429013,7.389361191565029,0,2,3
01/01/2023,10:00:00,4.692708522306436,0.1254779623570339,229.39956869315589,5.563730538252161,4,4,8
01/01/2023,11:00:00,2.1561465681578076,0.13694789099713855,237.15834144487135,6.3937399617582,3,5,0
01/01/2023,12:00:00,4.638316701898317,1.948627106408879,225.9709585196433,6.310142161529971,6,2,8
01/01/2023,13:00:00,5.064780125439841,0.5207566936091655,238.47486262533297,27.695396444435108,4,1,7
01/01/2023,14:00:00,4.154622020099353,1.630655748747198,224.5961268284533,23.03144769834562,7,6,4
01/01/2023,15:00:00,5.308610427736135,0.21072307296509152,234.9903283031356,21.92765915490696,0,4,5
01/01/2023,16:00:00,4.488723687571746,1.8502091997196433,232.61118468691475,18.064320506545236,4,8,6
01/01/2023,17:00:00,6.686617492192889,1.761392306966689,234.99198882241524,24.548815424303797,3,2,3
01/01/2023,18:00:00,1.322182471595841,1.185077008625578,228.74695144865188,8.89119981903977,2,7,5
01/01/2023,19:00:00,1.637474250817363,0.11709744883818597,238.6528212510797,14.798529744710935,4,5,6
01/01/2023,20:00:00,2.042029821726039,0.5898406606443414,232.64944404822955,17.25010626910859,9,3,5
01/01/2023,21:00:00,5.141026423625993,0.8729630300570834,225.76591609108513,7.760237441918156,2,8,5
01/01/2023,22:00:00,4.873575236498852,0.9741218218203673,232.76910141304288,15.487842733437924,7,4,1
01/01/2023,23:00:00,6.352353161258164,0.6655896412685068,225.73631494414062,12.912544481565508,2,9,4
02/01/2023,00:00:00,5.39726471730339,0.16260094966650696,225.87264783519748,5.889553644836566,0,5,2
02/01/2023,01:00:00,4.050132925387554,1.2212420712604302,227.99197023241737,8.418385068230881,8,8,6
02/01/2023,02:00:00,6.950990754781782,1.0958938686200363,237.04860835138237,24.100920579186795,8,6,3
02/01/2023,03:00:00,2.596647737015795,0.6377012073152476,230.00595748787984,5.4509477376161115,5,4,0
02/01/2023,04:00:00,5.9991499587127235,0.17215433838225241,233.57801684460415,28.35633247740903,9,1,5
02/01/2023,05:00:00,3.5607422331635163,1.9897289557216864,227.83935480548925,7.160615811180936,0,3,5
02/01/2023,06:00:00,4.892410833254405,1.0157737549701713,225.27210879613762,24.980952355086455,7,1,6
02/01/2023,07:00:00,5.363610822714604,1.5364080593707465,239.09280321432462,27.46541352358677,1,2,7
02/01/2023,08:00:00,4.802524523142018,0.9593966665975374,232.07162494246126,28.528389621261177,8,9,2
02/01/2023,09:00:00,1.8430438186515596,0.18202355263958875,238.67902677165438,26.686925587399315,7,2,5
02/01/2023,10:00:00,3.6577060644875967,0.6882414156624501,224.0682600439663,12.18875098563608,2,3,9
02/01/2023,11:00:00,4.368630267598746,0.7082092679112122,222.93788327825865,13.327178283461926,4,5,1
02/01/2023,12:00:00,6.09426255507158,1.6928705176931305,237.11645814247808,15.663642465251899,8,2,8
02/01/2023,13:00:00,3.661874492791434,1.3430369581997614,233.61834425234503,8.482417235177522,0,9,1
02/01/2023,14:00:00,6.512483828825509,0.6233168169149983,223.73156998507284,5.556811376680597,8,0,2
02/01/2023,15:00:00,3.6422453381512643,1.9387059138522635,225.38719401327074,26.728040357025865,3,0,9
02/01/2023,16:00:00,4.29267915557807,0.7109294815559556,236.01327883050624,18.85321790526141,3,8,1
02/01/2023,17:00:00,5.777714097656806,1.9966446490745686,229.07737239991872,20.218073554455408,3,8,8
02/01/2023,18:00:00,4.498406106532862,1.9927110170235,233.41081013012183,28.174711870444884,9,4,0
02/01/2023,19:00:00,6.761308434296948,0.4632999837188094,226.36704044272022,21.628004452840393,8,8,4
02/01/2023,20:00:00,4.9620149830847655,0.6942081207579602,227.62459905549753,22.271337608495337,5,6,0
02/01/2023,21:00:00,4.136256724405606,1.023483977120843,239.8142511724621,24.674216210918555,7,8,4
02/01/2023,22:00:00,1.1415518066847752,1.3617912751809929,224.95234174349437,7.908711246435095,3,6,7
02/01/2023,23:00:00,3.482397385481979,1.1032901531072188,230.12912754073028,14.004053830344787,2,8,7
03/01/2023,00:00:00,2.795490515560963,1.941938791351288,236.88804686381064,29.205198192584156,0,1,7
03/01/2023,01:00:00,5.488634007324936,1.4755794120478138,224.78446427331716,28.073251952515164,9,7,1
03/01/2023,02:00:00,2.2496660509212747,0.5028852138276514,228.30427513368662,27.10188240775462,6,6,7
03/01/2023,03:00:00,2.231320523764431,0.2996853454059128,232.30182574739976,16.30221275847431,3,5,4
03/01/2023,04:00:00,2.1371142594242607,1.4079624523477778,229.62376302950204,26.429823839670142,7,4,0
03/01/2023,05:00:00,1.7536936789374156,0.40105963634344965,229.19004533140634,6.20989704864414,2,3,6
03/01/2023,06:00:00,2.8660420220253244,1.5965859966379328,227.25019462644246,8.712935606427937,0,6,5
03/01/2023,07:00:00,6.31553268666055,0.6909696677946402,231.7329265554985,15.349192462101353,4,2,4
03/01/2023,08:00:00,5.64957083383573,0.7210971998056523,232.4874539584722,17.08480166705316,1,7,0
03/01/2023,09:00:00,5.41150729784076,0.12051694554007275,233.06579081802727,11.587678838021422,2,1,0
03/01/2023,10:00:00,5.784020833899776,1.4319214074805773,221.40736215812058,13.911916771194687,5,0,5
03/01/2023,11:00:00,2.6165073359774302,0.315212530822903,232.62068351424097,9.069402525634219,2,1,9
03/01/2023,12:00:00,6.324650144514926,1.5684730971806844,239.06474357562465,17.22835079289768,2,8,6
03/01/2023,13:00:00,1.8238202508496264,1.034548861642693,230.81972471056167,24.84608232169653,5,4,9
03/01/2023,14:00:00,3.0180743602934914,1.5901316484136814,234.3053416501849,21.534009841532644,4,7,9
03/01/2023,15:00:00,4.520488713804058,1.2094604244757086,231.13464615518436,7.694806184138532,9,2,0
03/01/2023,16:00:00,1.6174305300520038,0.25662321683608247,237.09481237183957,17.1895400849179,8,6,8
03/01/2023,17:00:00,5.380781126658549,1.5547394397398477,238.5916618919514,22.441159569493124,0,1,3
03/01/2023,18:00:00,3.32347628922085,0.23261902130002451,223.68439798592718,18.24738241384853,2,7,4
03/01/2023,19:00:00,5.706433993650401,1.0095332690817314,228.73720073114254,14.791889913388724,2,6,1
03/01/2023,20:00:00,3.9573777135076167,0.4274635068754302,227.84764201865443,20.547860532096955,5,4,9
03/01/2023,21:00:00,2.0852471465520184,1.5294368381579815,228.10430246598557,29.215966632506888,7,3,7
03/01/2023,22:00:00,5.408570868132066,1.8320233328316404,222.5104836245575,7.3726977441519495,2,0,1
03/01/2023,23:00:00,2.5128637350336613,1.152839710380721,236.27231451961438,14.750401518689017,2,4,2
04/01/2023,00:00:00,3.944861807608257,1.101579859168443,220.7153248602987,15.16514632615239,5,8,8
04/01/2023,01:00:00,1.4531996149414457,1.551530073018674,230.56453215454314,19.424182761709275,7,9,1
04/01/2023,02:00:00,4.70719992647222,0.1096497446538817,233.23756776089382,8.804365047047948,5,3,5
04/01/2023,03:00:00,4.995146597297664,1.8437414210068053,224.14938876117753,9.416075746761738,9,8,3
04/01/2023,04:00:00,3.2720452598367014,0.47515275247315025,238.1170038419759,12.134034649946367,2,1,6
04/01/2023,05:00:00,6.726536681926444,1.9698258792698509,236.77098414049587,28.89675108171299,3,3,5
04/01/2023,06:00:00,6.24501352889241,1.498882501124878,229.4216745896785,23.352714530772566,0,8,9
04/01/2023,07:00:00,5.247645494439968,1.571077180631275,228.22297864680277,21.54233254228758,7,3,8
04/01/2023,08:00:00,5.2819124469624565,1.3467856627098524,224.731358504222,25.423942184856557,3,4,8
04/01/2023,09:00:00,2.5144102896529077,0.9961600472918045,234.59986449289926,8.189411722917324,5,7,9
04/01/2023,10:00:00,4.940891386530694,1.1860926173862145,222.63487599263928,26.483320493093792,2,0,3
04/01/2023,11:00:00,2.189237591413118,0.18816548342873873,233.60475507687565,19.870817847187602,5,0,0
04/01/2023,12:00:00,1.8640193435189327,1.2855230679208272,236.84913972236828,13.383225186473386,8,8,1
04/01/2023,13:00:00,6.996807365215481,1.2895863937753889,224.56943151834048,25.396381393642258,8,8,7
04/01/2023,14:00:00,4.734255588839045,1.793281515063438,237.32854805797513,25.064113358715602,9,3,9
04/01/2023,15:00:00,3.585927235943143,1.060747079117417,220.66646398879016,26.142714542918178,2,1,7
04/01/2023,16:00:00,2.728987137303708,0.2465743107635159,238.2557477077305,7.887947502674554,2,8,1
04/01/2023,17:00:00,4.6235226619733645,0.6817722489159542,222.36724455702597,29.2340311248944,3,3,3
04/01/2023,18:00:00,1.2975610493205167,1.3456958830172032,232.91518355876065,28.990653844743278,6,5,0
04/01/2023,19:00:00,1.5680859430287704,0.5545918392277814,225.00164937827884,13.936741137543539,2,0,6
04/01/2023,20:00:00,1.197140186442378,0.6330028615252618,236.73104782339226,6.647350455297991,9,8,3
04/01/2023,21:00:00,3.9950189995759704,1.6588911310856216,230.24600721830933,9.176391736719642,7,4,7
04/01/2023,22:00:00,4.603639775123096,1.210207490349147,222.70482382493003,29.820770636117427,7,2,8
04/01/2023,23:00:00,1.374878568146925,1.0662021203697878,231.41983142651958,19.075323579291577,5,3,8
05/01/2023,00:00:00,5.3273468049935,0.7050587369310282,228.15765220393968,13.9155449706513,3,0,2
05/01/2023,01:00:00,2.3823704290873864,1.4887632682727634,233.22895633226202,12.20506734625097,4,8,4
05/01/2023,02:00:00,5.111208722619196,0.6466650255310556,237.63806569526918,11.42479338277369,1,7,5
05/01/2023,03:00:00,6.891382840211474,1.5004206835239329,228.18778262366837,21.60381912636205,5,3,5
05/01/2023,04:00:00,5.146635220323107,0.2331928125081398,225.7976135906772,15.484695787992148,2,1,9
05/01/2023,05:00:00,6.299158317541651,1.742628549005959,220.29030189055217,29.13526748421529,5,8,7
05/01/2023,06:00:00,6.689191040458404,1.0491762804142724,231.49678075719748,22.096075766134035,4,3,5
05/01/2023,07:00:00,3.9205062901138934,0.9331652317280429,228.04549534862866,24.80111477622403,1,8,5
05/01/2023,08:00:00,5.213949876518241,1.2609444819296567,227.49298438029658,12.318538714578999,4,9,3
05/01/2023,09:00:00,6.111815521335051,1.285964938502914,223.65870642568424,6.979660227715646,4,2,6
05/01/2023,10:00:00,3.1396534772463167,0.35086683609099156,228.6011069038255,17.19557093454703,8,6,7
05/01/2023,11:00:00,2.5683838993623693,1.5368438206508053,239.68883907166736,12.864538663655683,7,6,2
05/01/2023,12:00:00,6.679591436670032,0.6242637661051195,225.95508307344488,10.052079125198091,6,9,6
05/01/2023,13:00:00,5.357821002212908,1.8194275723228366,231.99408826816202,28.816053270021534,2,3,2
05/01/2023,14:00:00,2.318092800254958,1.6539162604881816,235.52973762631333,16.099705358550757,9,1,7
05/01/2023,15:00:00,3.6945003560566807,0.7579054789160221,234.98315646353063,9.367714801219641,3,8,0
05/01/2023,16:00:00,5.7787106172268565,1.6347046570813575,226.57548574985182,9.966266317028477,5,3,0
05/01/2023,17:00:00,4.282377945510653,0.7771419486698179,232.217201670337,12.01774356161485,2,7,5
05/01/2023,18:00:00,4.899712588995334,0.29180059510847717,237.42529370540313,29.98290670474282,8,1,9
05/01/2023,19:00:00,5.522609212270314,1.9275876535788452,220.30894855466155,11.700287512989933,7,7,8
05/01/2023,20:00:00,4.732055132853883,1.3399438289093362,228.71468713686616,13.22004511446134,5,9,3
05/01/2023,21:00:00,4.240475931533174,0.9665891006589241,224.4854683648381,21.483203199600034,3,4,5
05/01/2023,22:00:00,5.49768570632664,0.8557693679089753,227.77264580797677,12.349034410257456,6,6,4
05/01/2023,23:00:00,5.365378212593204,0.7169401350907015,228.31979215950483,10.395106276492335,2,6,0
06/01/2023,00:00:00,4.779234401099074,1.9647504313153457,234.93341929573273,8.965929666239967,9,8,5
06/01/2023,01:00:00,3.1587364802915774,0.3560198037487241,221.87643744790887,12.817066625694805,7,2,8
06/01/2023,02:00:00,3.4348725532016298,0.6981296119490797,230.2516780626502,7.647892240719338,0,9,2
06/01/2023,03:00:00,6.8226312933045845,1.0224455165370607,231.2838958359749,5.466164660369572,2,3,2
06/01/2023,04:00:00,1.674315593749155,1.0081991356031916,229.88315207103608,25.116042433366932,4,9,1
06/01/2023,05:00:00,2.611029503517012,0.9955963203749025,234.6374650612544,8.447373560364415,4,3,3
06/01/2023,06:00:00,3.9544105552260143,0.4339892500777255,227.67582511813694,24.399421245381056,9,9,9
06/01/2023,07:00:00,6.020378116862715,0.37537180150805105,238.8993412728015,24.938561974666495,1,4,2
06/01/2023,08:00:00,1.9820539823783672,0.5840584140243781,229.63606885077883,18.447988158231077,9,5,1
06/01/2023,09:00:00,2.661727708747659,1.8375996922239064,231.42427819229596,12.742048957823785,7,2,0
06/01/2023,10:00:00,1.3947893067714339,0.31480063888556925,236.51061646693498,8.625818343747211,4,3,2
06/01/2023,11:00:00,5.235911596304911,1.539107696409317,225.50472211862245,23.42012766802498,6,2,9
06/01/2023,12:00:00,2.4292566128536968,1.5393419469534055,221.50404057525606,20.034674649544648,6,1,5
06/01/2023,13:00:00,3.332048504025703,1.6385637674047984,234.15567956724965,21.3863364123391,4,9,8
06/01/2023,14:00:00,3.662208682178007,1.7845694290797753,229.66023711096759,5.216727246128276,7,8,4
06/01/2023,15:00:00,6.347883613638734,0.5997687373239675,237.9300850191799,28.187925392695615,8,0,2
06/01/2023,16:00:00,3.467981741987421,0.526662991610903,239.6536009744487,6.657254686163756,3,1,4
06/01/2023,17:00:00,1.8713501194914943,0.9844607664022114,227.98218701149457,14.170147128500142,3,7,4
06/01/2023,18:00:00,4.145889630040726,0.6036694206288686,228.30878032519323,15.067791241292506,7,6,4
06/01/2023,19:00:00,6.777747967891778,1.4951889790679043,228.15925204411454,5.033888112448722,0,0,6
06/01/2023,20:00:00,4.646113846304866,1.308285195808724,226.4910821946185,17.427232733769927,3,4,4
06/01/2023,21:00:00,6.900323322763436,1.7624766073000377,235.63374195532793,23.820224862775248,5,9,6
06/01/2023,22:00:00,6.0466438536332205,0.257202776625436,235.17991524981454,25.581716327869305,3,5,8
06/01/2023,23:00:00,1.2157945372804768,1.8386583333803421,229.5728974110105,26.98492483264711,5,4,4
07/01/2023,00:00:00,4.950397572262251,0.65736239067317,220.89322432757797,17.192971707884237,4,3,1
07/01/2023,01:00:00,2.7206012653473017,1.0323192572612696,226.19118603026146,20.76590476324126,8,0,4
07/01/2023,02:00:00,4.357701133868343,0.9333617282853229,225.84606093109676,6.987992832412469,9,6,7
07/01/2023,03:00:00,2.6760711455873594,1.5445921370984055,236.22174492400518,17.200955607043745,8,8,3
07/01/2023,04:00:00,3.093222499631742,0.8986332879205008,221.75151146832349,8.870393871793382,3,5,1
07/01/2023,05:00:00,6.539012270525076,1.892750976733878,236.11350758085408,14.241077940563036,3,2,9
07/01/2023,06:00:00,2.239859109350232,1.8148143770132934,233.38367304398287,13.232632821614983,7,9,2
07/01/2023,07:00:00,6.244654708154982,1.7571061887420623,234.64882918260898,15.588514431037705,9,3,8
07/01/2023,08:00:00,1.1827468484229808,0.235390832031633,228.64426375170046,19.290915449353314,3,9,8
07/01/2023,09:00:00,1.5452592302178902,1.723090316952485,233.59451592003518,27.571916176574895,1,4,7
07/01/2023,10:00:00,6.128050248305581,1.5851073463421,232.1805788941383,14.862115783687633,1,0,7
07/01/2023,11:00:00,4.7833361854551715,0.2966745993116489,235.3796039045726,29.528279892788767,0,4,7
07/01/2023,12:00:00,5.483416828237301,0.3040872183288216,228.93539668936504,23.97570120128007,4,0,7
07/01/2023,13:00:00,2.2565060249311255,0.29221124188332825,229.45651249792604,17.78702616970958,5,8,7
07/01/2023,14:00:00,4.222500733540621,0.12153192708852634,232.8715244547964,21.1006609277986,8,6,0
07/01/2023,15:00:00,5.423315341427829,1.1424051798697088,222.16154987332777,7.555604278298612,4,2,5
07/01/2023,16:00:00,4.763884822061575,1.9494491537284822,228.72488896728635,26.11303828284137,5,8,8
07/01/2023,17:00:00,3.8301926013472567,0.9335009355096077,239.43901690519613,19.558936376599146,5,1,7
07/01/2023,18:00:00,6.758702718626289,1.1274392535859772,220.7510464012009,29.651687005240046,2,6,2
07/01/2023,19:00:00,5.056944000720672,1.9391426138629155,226.32009445732788,20.910718593821226,3,8,0
07/01/2023,20:00:00,6.4465048014474275,0.5848462346710382,226.2821963817874,25.852789581658126,0,5,1
07/01/2023,21:00:00,5.378623069442087,1.7310934799366995,232.66928238471544,24.994068569880994,3,9,1
07/01/2023,22:00:00,5.412781171586099,1.1381418877022986,222.1160071884828,13.636528786706721,0,4,6
07/01/2023,23:00:00,1.480109618546076,1.1820053778597204,232.57088061757722,11.49026563083029,4,6,5
08/01/2023,00:00:00,3.1567877311236616,0.7520303286938387,221.90080481303238,15.76233958578775,7,5,1
08/01/2023,01:00:00,6.1502164403179505,1.1670102858371254,221.8990729483666,16.68103361022093,7,4,7
08/01/2023,02:00:00,2.3956231728925355,0.23897076800873948,234.56366714376964,11.002117548416097,4,1,8
08/01/2023,03:00:00,1.6930351969387971,1.5528227879668133,226.48270347665593,27.364946833774297,9,7,6
08/01/2023,04:00:00,2.9566363398327606,0.6409067469341161,239.54845895427496,18.563696557516153,1,6,3
08/01/2023,05:00:00,2.322627309355684,1.7864558260385144,220.7470587287111,29.46110980383924,5,5,0
08/01/2023,06:00:00,6.551729168758931,0.798916319754171,228.90213327435987,25.250444451156582,0,4,3
08/01/2023,07:00:00,6.207799852012787,0.37136580992507695,222.26271875348047,18.89262150979865,6,4,3
08/01/2023,08:00:00,3.998099381697425,1.4221749913001214,227.02757933516216,28.67600695360898,3,8,7
08/01/2023,09:00:00,1.3680632469032081,0.41269847495565537,239.964449012181,17.621870377382677,4,0,3
08/01/2023,10:00:00,5.287374076558938,1.5319929795316818,237.77685023477062,27.177662812966762,5,8,3
08/01/2023,11:00:00,4.740470388017588,1.9394132491716214,220.96648817710795,13.953619529895137,0,5,1
08/01/2023,12:00:00,6.8233280243709755,1.5811504507109972,231.26511687651367,14.466059585102352,8,3,9
08/01/2023,13:00:00,4.353719441622262,0.1426535720195169,232.95644609648872,15.45326707427328,9,9,6
08/01/2023,14:00:00,3.0183623404174567,1.239782997300272,224.1906924790025,18.66564114858115,3,6,3
08/01/2023,15:00:00,4.114130161471334,1.4212802748424762,222.90211146792902,18.8372567549706,7,8,5
08/01/2023,16:00:00,6.875579748427098,1.6683708190129418,238.08762269331046,17.409973041927106,4,4,2
08/01/2023,17:00:00,5.1781745951981835,0.2064043869841003,239.37632882966753,12.650024339579186,7,4,6
08/01/2023,18:00:00,5.031856827562307,1.012204873109344,239.83785714639282,28.180161619770775,0,7,5
08/01/2023,19:00:00,2.4440895383553123,1.1172046580129493,235.7952354746927,19.714652433731356,7,6,2
08/01/2023,20:00:00,5.461615105363706,0.42133723902393827,233.27004138810514,15.193480404789874,3,7,3
08/01/2023,21:00:00,5.50163097683063,0.7126546384502342,226.91460504385995,21.279424018590454,1,9,9
08/01/2023,22:00:00,2.903733902655432,0.9364212798867138,223.42796624649506,24.19916894524513,5,1,4
08/01/2023,23:00:00,3.9022829943442794,1.6830984071198227,221.57961198732463,29.01820220570608,1,8,8
09/01/2023,00:00:00,2.7676199976427363,1.865874375533393,233.86594937102984,17.488729056689564,4,2,5
09/01/2023,01:00:00,2.55223042194572,1.2940033749435784,235.69446830358717,7.80246275876897,1,5,3
09/01/2023,02:00:00,1.1553764214969109,0.850395853440778,236.5290730490996,16.01914503591353,2,5,6
09/01/2023,03:00:00,2.7112704679199924,0.5826589338180733,238.27530006607597,16.974264036336784,5,1,1
09/01/2023,04:00:00,4.323819699269649,1.966056850428686,237.59859127276746,27.42485195464185,0,6,3
09/01/2023,05:00:00,1.009607125294173,1.967737996345081,239.99482544516184,14.870019211573828,5,8,4
09/01/2023,06:00:00,2.6993145028580043,1.857456201646566,224.88128021934503,28.83310662217846,2,9,3
09/01/2023,07:00:00,6.2884619939395,1.5927713847678566,235.2661523042442,17.128297692858368,6,0,3
09/01/2023,08:00:00,4.561891510644165,0.7189811331166746,231.72919024749595,29.34451252447322,1,7,8
09/01/2023,09:00:00,4.647176944485883,1.6523009186454982,225.22490264907165,5.204958028274055,5,1,1
09/01/2023,10:00:00,3.420185830158119,0.8767067328152278,239.63810644573886,27.470384370158666,7,0,5
09/01/2023,11:00:00,5.058832860954466,0.7208688864945858,237.95796209548504,28.278011298583767,0,7,7
09/01/2023,12:00:00,2.139596597382155,1.5152441810859312,222.57031336888232,29.02552339413033,8,1,7
09/01/2023,13:00:00,5.9124808623051495,0.2513424624788035,220.5231668464684,5.326913354365371,4,5,6
09/01/2023,14:00:00,1.7001347196153989,0.19226917426175721,233.76661524665354,9.292520913757725,4,5,9
09/01/2023,15:00:00,4.936008127918655,0.9511120246442526,232.0826125771307,21.344112577330904,4,4,3
09/01/2023,16:00:00,3.0468959549180985,0.9467137215621075,238.71631248222292,5.636817293377678,5,7,6
09/01/2023,17:00:00,5.48507782349486,1.8017238908212865,224.6801057432074,6.590224904412518,1,2,9
09/01/2023,18:00:00,4.29858730759612,0.3396908829468519,221.68775895789975,10.526971842336048,5,9,5
09/01/2023,19:00:00,3.7141182308722973,0.33423946215958433,225.18430667543973,17.810994218597106,3,3,5
09/01/2023,20:00:00,2.0165344125594817,0.3801599409023122,220.37855281022928,18.64756398167019,7,6,1
09/01/2023,21:00:00,4.820928785706117,0.15649889645974496,220.71785502377864,5.8565280698376085,8,6,7
09/01/2023,22:00:00,6.848619060522479,0.23629030184832592,238.2971561184152,9.259181269538278,8,7,7
09/01/2023,23:00:00,5.95362054944209,1.3537527469751742,227.04033165003756,17.492641833366385,7,1,6
10/01/2023,00:00:00,1.3600491555340708,0.9200102253232675,228.2161800201936,19.84851552358513,2,1,8
10/01/2023,01:00:00,3.2573762701671463,1.5508458274672259,220.3674330907621,8.710042412155385,9,3,7
10/01/2023,02:00:00,6.553498055141631,1.9859356653051545,225.41043560343692,14.971035298674266,3,9,8
10/01/2023,03:00:00,4.018262485342128,1.3521658940881025,236.09451967482863,27.61003591292381,0,8,8
10/01/2023,04:00:00,4.972670954849075,0.1958655841782351,232.3098191933344,29.9724821761543,8,9,5
10/01/2023,05:00:00,6.475596073548343,0.2986694430332488,235.07561202172832,29.68036137077853,4,8,1
10/01/2023,06:00:00,6.242768142519284,1.7739077611479448,228.9442748158757,27.04186275717181,5,3,6
10/01/2023,07:00:00,4.0109222532430655,1.102242294660697,226.1945844350266,14.866502198748645,2,8,2
10/01/2023,08:00:00,3.6258778159456124,1.667190602851906,229.65620186656741,22.164357301869604,9,2,6
10/01/2023,09:00:00,3.038155710877523,1.7275634388273595,226.46142136811503,15.414805694604967,7,4,8
10/01/2023,10:00:00,5.314116658977347,1.8625816288490866,236.77942193348136,21.21317567060507,6,9,9
10/01/2023,11:00:00,2.7219207968292594,1.904675490424095,225.95347431185692,12.735811774237082,0,8,9
10/01/2023,12:00:00,2.499325638585401,1.1541690133562819,233.19527280906166,20.155056340258298,9,5,1
10/01/2023,13:00:00,3.137499367622681,0.7479383272864643,222.73964444619057,18.093962413821245,4,2,5
10/01/2023,14:00:00,2.063290341272752,1.9275432612611973,233.7373298746982,5.612006645329998,9,9,5
10/01/2023,15:00:00,5.170718895674604,1.140072171402328,238.26599423200068,24.767572593652844,8,8,8
10/01/2023,16:00:00,4.697443895983674,0.22208017361376098,232.17166309279816,5.2974458061288905,5,5,8
10/01/2023,17:00:00,3.8972712046950617,1.3212754451137436,231.19710760068955,12.328898556332543,7,3,4
10/01/2023,18:00:00,3.341954675569328,1.2166010257505204,239.2223653604328,5.148101636350059,9,3,4
10/01/2023,19:00:00,6.454375257380389,1.8020064584999413,232.54793110631692,14.405035332379954,0,7,8
10/01/2023,20:00:00,1.1747427099346317,1.3410556593998437,225.19100866546165,6.579013204103482,9,6,7
10/01/2023,21:00:00,5.614646461043795,0.7631996064769476,225.8478204769548,27.83777417078103,6,0,6
10/01/2023,22:00:00,6.411457430493332,1.935828878841059,234.10613285071855,15.391982379071715,2,5,7
10/01/2023,23:00:00,3.6781274765795557,1.6230770233658638,234.70873187784372,16.48739437161025,8,7,5
11/01/2023,00:00:00,4.3041429488238805,1.2977934749245732,226.0699246357803,13.746255902271372,5,2,2
11/01/2023,01:00:00,6.666782127292228,0.6565578864659335,226.9068795585266,20.687653855044154,4,8,6
11/01/2023,02:00:00,2.2736650917130863,0.8097265629971615,239.82113017478173,24.610202915455094,7,9,7
11/01/2023,03:00:00,4.1208090867081095,1.3729428557836476,222.03905099160554,21.203668576224448,7,1,7
11/01/2023,04:00:00,3.848326762769277,0.23676355508031127,228.09290056880198,23.70517795987819,2,5,0
11/01/2023,05:00:00,2.5503558872222207,0.5876931241355006,221.24895062395015,27.649341587731513,1,0,6
11/01/2023,06:00:00,5.911559382238647,1.4564117734535362,236.42156723996482,26.588663291785718,1,1,2
11/01/2023,07:00:00,6.397603568579415,1.0120351687047797,221.84691677890865,21.851461318842397,4,4,1
11/01/2023,08:00:00,5.691595478729253,0.8645477731474172,233.48014712925422,10.365949072610714,9,0,1
11/01/2023,09:00:00,2.1721537650916503,0.3877694825607876,221.12966848006965,20.94257127604822,6,7,7
11/01/2023,10:00:00,1.5204918130082894,0.9395131655076919,233.45710075619382,17.652077393512773,7,0,8
11/01/2023,11:00:00,4.632666911832054,1.5643147444444443,236.86073893855405,22.930480775260502,9,8,2
11/01/2023,12:00:00,1.3425685630593036,0.6016244075365966,227.97643053848114,25.823291209822873,7,9,2
11/01/2023,13:00:00,5.036955331348505,0.11025723014898708,230.44252986864353,23.568037429660436,7,2,5
11/01/2023,14:00:00,4.182545321963456,1.3701593121868674,228.03083476010565,26.164029249032133,9,1,9
11/01/2023,15:00:00,4.976714396461982,1.9479905484218498,226.00977517265278,6.596659333525596,2,0,0
11/01/2023,16:00:00,4.541024641898464,1.2529704708183076,236.06526801254256,5.790500955936599,1,8,5
11/01/2023,17:00:00,3.536215417163037,0.32785153196154726,225.4400514746198,11.462514192489849,3,3,2
11/01/2023,18:00:00,2.2052630808413696,0.7093928754548787,234.45886848778895,27.51665210271571,0,0,3
11/01/2023,19:00:00,2.8342128148629313,1.7485190679684244,224.12394158510403,25.591481274599346,2,0,8
11/01/2023,20:00:00,4.1470034453138584,0.5418793410879743,224.9970759215666,22.06818244488279,8,6,2
11/01/2023,21:00:00,4.911208561885635,1.2546222166454553,226.72922325154425,22.518966685992897,6,1,0
11/01/2023,22:00:00,5.676898101307171,0.8650752956825958,231.78312754787578,23.166761731455313,6,6,2
11/01/2023,23:00:00,5.603024310694365,0.4949030706973331,229.0884463831908,28.565067512118674,0,6,6
12/01/2023,00:00:00,6.836132459566512,1.6454730977728913,234.9028961965564,25.80477880768894,6,9,6
12/01/2023,01:00:00,2.7150486919804564,1.5113794252848114,224.27134600672383,20.58475967567619,9,8,4
12/01/2023,02:00:00,1.4266642492806207,1.3570230253226043,220.21344575697668,21.642885881428512,6,6,0
12/01/2023,03:00:00,3.0739416132511557,0.5490395215106273,235.5311494357044,10.343506551528048,3,0,7
12/01/2023,04:00:00,5.45976685134446,0.28592830516125506,236.43298667760143,21.432970628906812,6,7,9
12/01/2023,05:00:00,3.628669906199771,1.1947027266693357,221.1896032621678,15.616975310461463,7,7,7
12/01/2023,06:00:00,5.9067305835365165,1.1519878837249233,232.21815044316793,8.824046765143594,2,3,9
12/01/2023,07:00:00,4.29595819111609,0.45793151773625873,227.56413567746156,25.160070481164357,9,7,9
12/01/2023,08:00:00,6.578750335783019,0.2068687191988277,235.87791310389034,17.75617749507864,1,3,9
12/01/2023,09:00:00,6.687180651994413,0.25334606296857337,237.48829108392957,29.43562604223554,6,7,1
12/01/2023,10:00:00,1.4158270361124923,1.9862648743741942,237.02007533594497,12.041983861863123,4,4,9
12/01/2023,11:00:00,3.738480638274546,1.588809400011479,235.54408494701704,17.01675280762692,4,3,2
12/01/2023,12:00:00,4.658134367497408,1.851776204333828,225.38104457484326,16.199886366721703,4,5,3
12/01/2023,13:00:00,2.5352352448732765,0.47060397224909034,236.23779287136634,8.019488060814467,6,1,0
12/01/2023,14:00:00,3.4424606762738814,1.9250802190145266,230.66956951812585,15.652881970769487,8,1,3
12/01/2023,15:00:00,5.0660892467061895,0.371043267799008,221.05513229664183,12.188836410523123,7,1,4
12/01/2023,16:00:00,2.3604053613901685,1.0672554742762952,229.13877699796498,9.008011784173359,5,8,2
12/01/2023,17:00:00,4.611888117846714,1.6764218003924216,238.84315834059987,12.053889600903481,6,9,9
12/01/2023,18:00:00,5.184686968985837,0.7646263735720008,237.75718699471105,10.831292281659799,8,2,1
12/01/2023,19:00:00,1.5429778665752005,0.9071742130361109,222.04528561994232,23.35183827514695,5,9,5
12/01/2023,20:00:00,3.9851758961647166,0.3435517095682859,234.8825337142874,5.769379456479003,0,3,7
12/01/2023,21:00:00,2.578480179545145,0.3335515719980482,236.1158573191647,20.43656869783053,3,9,6
12/01/2023,22:00:00,5.346318135988268,1.2771796270794533,225.4277637647353,24.01653355059016,7,7,0
12/01/2023,23:00:00,2.137333051221643,1.3835115003781078,229.43217141482185,17.01808641172433,6,3,3
13/01/2023,00:00:00,6.353427493228638,1.5769317767561672,234.21975882927364,28.28912450019796,2,9,2
13/01/2023,01:00:00,3.5856480191099616,1.1576959000953317,228.78082977642296,22.697017380913383,9,9,5
13/01/2023,02:00:00,2.188018181845321,1.3269426552964811,222.25593837733155,23.69809128278543,2,6,8
13/01/2023,03:00:00,3.6281307781019763,0.12568281622946811,234.11764889363442,9.923337186021756,2,4,8
13/01/2023,04:00:00,3.4524625768511674,0.40812438156065733,238.23277379470608,24.432389395976838,0,8,6
13/01/2023,05:00:00,3.573513756962262,1.971338055432119,233.04969456812316,25.80236840207787,9,3,8
13/01/2023,06:00:00,4.513367760984681,0.2443876620000804,235.47601497138066,14.03165971014974,0,2,7
13/01/2023,07:00:00,4.127042349481226,1.3896976222944655,227.16725071315656,10.33407670082428,5,1,4
13/01/2023,08:00:00,1.898662790085416,0.4345570027602609,223.66396490253268,14.626266980090417,0,0,8
13/01/2023,09:00:00,1.393474435879818,1.4617653129585197,232.85547323236585,23.49019922500343,4,5,6
13/01/2023,10:00:00,5.376492692359243,1.4413817656277876,226.55542411682438,15.440975146717568,3,9,4
13/01/2023,11:00:00,4.358304615569881,0.5449782135973713,237.20147037979586,23.416296880619697,4,1,7
13/01/2023,12:00:00,3.1540046084755824,0.6123053585164879,222.45256099956012,7.839113524438441,6,7,6
13/01/2023,13:00:00,5.850146934988443,1.3440643558439678,228.66927399466246,25.15029276221211,5,5,8
13/01/2023,14:00:00,3.328350845565742,0.8411634736824058,227.9345520093677,11.330187041058934,8,4,9
13/01/2023,15:00:00,5.775790537603645,0.46964114242983146,238.7610770710786,11.223224692864843,5,1,0
13/01/2023,16:00:00,2.8345367650742483,1.4901912376962154,223.06269601208808,19.75952413009652,8,6,8
13/01/2023,17:00:00,1.4370717852711985,0.39288029623903487,220.1969365002402,6.752951143674741,3,1,6
13/01/2023,18:00:00,6.595838162799574,1.7257229618753986,224.76170425614237,5.657443167116714,0,4,0
13/01/2023,19:00:00,3.367306775688239,1.0778720956984722,236.40553719537309,11.52571663233623,0,1,0
13/01/2023,20:00:00,5.756155437096267,0.3008311473706713,224.18643632094035,18.451688768370566,9,9,4
13/01/2023,21:00:00,2.674864799333827,1.4187374337088705,224.81756127410966,27.69040965563068,6,1,7
13/01/2023,22:00:00,4.878190672741936,1.0864097751916268,222.5979760907362,26.16087940768267,2,6,8
13/01/2023,23:00:00,6.239865239546369,0.666309386410138,234.3087240655308,17.261161498024386,1,8,5
14/01/2023,00:00:00,1.249864134039882,0.9028248224253241,221.38348381010834,5.926299842337319,5,4,9
14/01/2023,01:00:00,5.983814588116536,0.6668417128162476,226.62416604657042,18.381318365732728,5,6,7
14/01/2023,02:00:00,4.4279980298315715,0.5997490879112897,225.6499745324193,22.619889998132386,6,3,5
14/01/2023,03:00:00,4.644830523451415,0.4108559996030532,231.1031945958031,13.479113313125843,4,1,5
14/01/2023,04:00:00,4.138948004835896,0.7892575529612041,234.6083253003947,7.776582582041367,7,2,3
14/01/2023,05:00:00,6.2468506197018545,0.5768756920005343,230.65752869393495,11.964198830141484,6,1,4
14/01/2023,06:00:00,1.2606001434138248,1.3985255254024425,238.62051985950134,24.28972161169535,1,4,1
14/01/2023,07:00:00,2.5661703492150885,1.399365808210282,239.02885277774664,13.781095807083208,0,5,2
14/01/2023,08:00:00,6.254575233154932,1.053496460855713,227.2293065699703,25.299537267142753,8,6,2
14/01/2023,09:00:00,5.5140742151917355,1.57809460219361,235.55360752549785,12.988036295186895,4,2,4
14/01/2023,10:00:00,1.105870961071635,1.6985454661114916,234.77602766536378,9.088875960345455,4,3,4
14/01/2023,11:00:00,4.102037699258252,1.201556269125119,237.85929183409655,15.896208987840206,9,7,5
14/01/2023,12:00:00,4.177436084276049,1.2759768092505241,228.95887280415405,16.306862807228473,3,3,4
14/01/2023,13:00:00,3.4052928107674623,0.6374832285940938,230.60946374395584,5.402705463733424,1,6,5
14/01/2023,14:00:00,2.784359992371938,1.8002514813404875,228.31548627163147,7.926126817658154,4,5,7
14/01/2023,15:00:00,5.090349102474052,0.14599148440280668,237.0075383859941,9.623150469320436,1,6,1
14/01/2023,16:00:00,2.2467427882285227,0.7623446919414067,224.59404630724268,7.839682934466872,6,0,3
14/01/2023,17:00:00,5.793691372430237,1.4714208009447265,224.79418156484888,13.538151885534095,8,2,5
14/01/2023,18:00:00,5.81822296460483,0.2521700683752064,227.4521020715416,29.11557139042545,8,5,4
14/01/2023,19:00:00,3.491568625436923,0.4480221021137559,224.60685664204703,17.73056345817695,5,2,0
14/01/2023,20:00:00,2.701288065457886,1.2196428829394172,231.22013672829843,20.68890059676616,0,6,8
14/01/2023,21:00:00,2.7032690895442792,1.16398797578076,222.68980212991005,13.909661963075704,5,8,2
14/01/2023,22:00:00,3.8937479439772607,1.5039637626488145,226.40372438808112,13.087194041078652,4,2,1
14/01/2023,23:00:00,5.317475348496153,1.6439640142675265,238.2688939695118,5.578669297875209,3,0,8
15/01/2023,00:00:00,3.1532121459631526,0.34430119917217133,228.18450960383592,17.508341391900558,5,9,6
15/01/2023,01:00:00,4.660260072746509,0.1349238805729599,234.96467432987018,17.090225168791658,5,5,4
15/01/2023,02:00:00,3.294906763495566,1.4103131873519217,222.2692438341315,8.945768154528075,5,0,5
15/01/2023,03:00:00,2.8271391349083,0.6726444119560825,224.9512901628357,24.108100005167593,1,0,3
15/01/2023,04:00:00,1.149157095494765,1.289369436444112,236.14691242400738,17.316858257775074,6,7,0
15/01/2023,05:00:00,1.0234846344123438,0.3860347173182269,235.2598587257939,13.474849254039333,3,8,3
15/01/2023,06:00:00,2.3632460669920268,0.9911760886653295,227.7231183718764,8.672722725573173,8,1,8
15/01/2023,07:00:00,3.4384377208059727,1.05840701752053,239.08793804066948,18.80402067427531,9,8,0
15/01/2023,08:00:00,6.1075670041723615,1.2116478511091107,238.21286031669092,23.820425652220244,1,4,9
15/01/2023,09:00:00,5.790905457582553,1.0750230310280722,239.2460149822448,12.049983817124293,4,7,2
15/01/2023,10:00:00,2.6029915755279394,1.0418124634345565,228.5582938037557,10.469858789418064,3,6,4
15/01/2023,11:00:00,2.467242657905796,0.7321948925693255,223.94947167371367,18.048374101614424,8,6,6
15/01/2023,12:00:00,2.3639324264201647,0.23524244900436383,232.5331727818268,8.883582562750423,3,3,8
15/01/2023,13:00:00,3.035424043173202,0.2700883739140004,233.69546316558396,21.665334664857124,7,1,5
15/01/2023,14:00:00,3.9891923173701125,0.9241787213735919,222.5088356890104,20.13359069860576,7,4,2
15/01/2023,15:00:00,3.632006632189453,0.7760069428598867,235.72966068591813,7.177051239785715,5,2,6
15/01/2023,16:00:00,2.3096391926889623,1.0806561288815457,220.36120439519922,5.913009484534347,5,8,3
15/01/2023,17:00:00,1.7827084596617082,0.6791925215869071,229.65456774953566,20.507216314714622,7,5,2
15/01/2023,18:00:00,1.0754668749171723,1.4070291737651162,226.6203251898979,12.35734434971852,9,0,6
15/01/2023,19:00:00,1.9237794319990231,1.74151416181807,234.80606119798168,7.161143829334963,8,2,6
15/01/2023,20:00:00,5.23213822116471,0.6678400586950486,226.25521454843633,23.985717623912162,4,3,3
15/01/2023,21:00:00,2.4618314160734975,0.4666696150841543,236.53614225562066,12.851100075441103,0,8,6
15/01/2023,22:00:00,3.8116108607290586,0.3207430910827693,231.89906977561623,16.48998874095559,0,5,1
15/01/2023,23:00:00,4.547806893539468,1.2708826770845436,235.87786723524144,10.92032318634423,1,3,0
16/01/2023,00:00:00,6.321045416989643,0.9433263831670818,239.78681275679247,20.682926958949114,9,0,1
16/01/2023,01:00:00,6.333130590360517,0.45722986267294896,233.58316691487113,12.537210383858987,9,7,3
16/01/2023,02:00:00,5.474402402088154,1.3409597932545252,239.6990063272329,29.20052403069071,4,1,7
16/01/2023,03:00:00,1.2109419522910085,0.3821180477100403,220.57672653843412,22.573688715422662,3,7,2
16/01/2023,04:00:00,4.450422514512489,1.15317134111111,226.76279976967618,8.418056909336645,0,5,9
16/01/2023,05:00:00,5.719500824989039,1.101581925088003,222.15706529124617,15.41737099183667,3,7,5
16/01/2023,06:00:00,1.1037282685801793,1.4950328222535583,225.24609862768878,14.635527493246965,3,5,5
16/01/2023,07:00:00,4.29810768193947,0.20470831588726685,236.77775798251548,18.35617776800958,9,4,8
16/01/2023,08:00:00,6.146584874716177,1.7869585705175277,220.6464653065218,26.048266861981332,3,4,8
16/01/2023,09:00:00,3.8446124550536016,1.435684279678957,230.40365871464786,19.585550379575043,0,9,3
16/01/2023,10:00:00,1.0246372173846907,0.5106393968626483,231.34257415064747,6.538916939999982,8,9,8
16/01/2023,11:00:00,1.0660801500136448,0.44847016235850534,231.22302293343913,21.385392420071376,2,7,5
16/01/2023,12:00:00,3.4998162244825033,0.9201544068731884,229.50594147646513,5.2066324486464595,3,6,1
16/01/2023,13:00:00,1.9300520045005274,1.6533741261347341,235.8120592953951,24.499011513509824,4,7,9
16/01/2023,14:00:00,4.986703942559558,1.7016049869643035,222.67086179011102,21.66590181028105,6,7,5
16/01/2023,15:00:00,5.252795589436924,1.0888665750648279,226.21154031101574,12.71964145881465,5,6,1
16/01/2023,16:00:00,2.0672787727637716,1.7355406391048012,232.31452106890345,12.311045114737894,4,1,7
16/01/2023,17:00:00,6.331199731146909,0.11034304746421209,233.81902732535912,24.956824913657638,7,8,3
16/01/2023,18:00:00,3.651447069873555,0.16683179991003355,228.08296863554114,24.583417298115513,0,6,4
16/01/2023,19:00:00,1.8570754455515424,1.8324610279098112,237.50742526654466,13.807558859418998,6,5,7
16/01/2023,20:00:00,5.585509588416373,1.5731306667832405,228.3098679339183,12.473693201994507,5,8,7
16/01/2023,21:00:00,5.739847000100637,0.9563415106757327,228.05552268696667,18.995619722069748,4,0,5
16/01/2023,22:00:00,4.835772835992745,1.5318592498081756,220.7241452297477,5.2091414996036045,6,1,3
16/01/2023,23:00:00,6.120793319215319,1.915714977274501,231.02282672389467,7.066675949663557,2,0,0
17/01/2023,00:00:00,5.424237832184028,1.5669700953744417,234.1736167702381,8.154239753718418,0,9,6
17/01/2023,01:00:00,6.293234423361944,1.7005055342548117,222.28876327033697,9.635295445679354,8,2,7
17/01/2023,02:00:00,3.6033282909128768,1.5451525046411174,226.10865532175742,17.800453166886726,1,4,8
17/01/2023,03:00:00,5.485582768596655,0.41960107562372906,235.62513907565705,29.80604787152805,9,0,1
17/01/2023,04:00:00,6.998509380574266,1.6837908083268998,227.3183887082715,21.315335043683838,2,3,0
17/01/2023,05:00:00,5.3495871851177155,0.47070675804599904,224.83204924080079,6.53246986123059,7,7,3
17/01/2023,06:00:00,1.685102681422793,1.7959615232838793,233.44401327130225,18.139484351556042,9,5,4
17/01/2023,07:00:00,4.109912334575098,0.9714348063540442,223.9351755534331,17.41613030973761,8,0,9
17/01/2023,08:00:00,4.524086747458168,1.3862558293909542,237.91305839166353,8.604195395451237,2,0,0
17/01/2023,09:00:00,2.045264050428346,1.0447576109732226,222.11196792052283,28.00680922006019,5,2,4
17/01/2023,10:00:00,6.7773498050682255,0.27858276589154385,234.13099604565653,16.019131191884224,6,9,5
17/01/2023,11:00:00,2.053478665807698,0.6523723844792636,229.9909740257275,29.863978515243492,0,7,2
17/01/2023,12:00:00,2.065347518279337,1.9690905225943114,237.39859124793986,15.501807381304108,6,7,6
17/01/2023,13:00:00,6.49100282784733,1.925358028172653,222.52390182052474,20.19894256709023,3,2,5
17/01/2023,14:00:00,3.7912325987300264,0.7089251055455398,233.55789836992176,7.619063411286001,4,6,3
17/01/2023,15:00:00,1.3791296756470972,1.992963928065929,231.44109278362762,16.35569559517173,7,2,2
17/01/2023,16:00:00,4.589124999631172,1.7065472714441092,229.60180284480094,10.969147350099332,3,3,4
17/01/2023,17:00:00,4.610958091798287,1.260823048921284,229.82814526865337,25.889119964280876,3,8,2
17/01/2023,18:00:00,1.3870045521193708,0.17623677849591804,234.4395392359706,24.597989621688498,7,3,9
17/01/2023,19:00:00,6.835134973801972,1.8127489761229212,238.75483309869645,25.60449999063396,4,2,8
17/01/2023,20:00:00,4.264179791767454,1.1591156306022075,221.82503318238096,23.090235943948784,5,4,8
17/01/2023,21:00:00,4.3587743330785855,1.7501046872852621,220.3900529522104,25.81708059050128,4,6,5
17/01/2023,22:00:00,4.120692487014367,1.6854153278209103,236.11409584962408,10.020718754373021,0,4,5
17/01/2023,23:00:00,4.66439067786772,1.6827118088820636,222.1633877510152,16.30109441449504,6,3,3
18/01/2023,00:00:00,2.5857985166425297,1.4265303353583196,239.73393592160846,22.296171998649204,5,7,3
18/01/2023,01:00:00,2.723448087849045,0.6536887634844923,232.38696497917675,20.934812448378374,1,3,1
18/01/2023,02:00:00,4.068034538776796,0.7387044897145877,233.01732790508282,22.908862071852173,6,1,9
18/01/2023,03:00:00,5.840115128581477,0.6860915039071039,223.97783405876035,10.606459578780793,5,9,3
18/01/2023,04:00:00,1.2991874589650731,0.13808739911187293,224.8062462059335,7.460867726124744,4,5,7
18/01/2023,05:00:00,4.620425273321476,1.2068809275081414,233.18700606198502,27.92016445186941,7,1,9
18/01/2023,06:00:00,5.840668855037884,1.4277839738474625,238.19453675868394,19.00429738918396,4,2,1
18/01/2023,07:00:00,1.941503632223363,1.7223453876978867,239.64781109035133,8.845648112685273,1,0,8
18/01/2023,08:00:00,1.0901352518833978,0.3663143234271876,223.96061893262188,24.83591454718404,5,4,0
18/01/2023,09:00:00,2.8762797708487486,1.1339479830559234,222.6823924541958,27.873248415732064,0,8,1
18/01/2023,10:00:00,4.528862240377589,0.11521546728018744,221.12802715521582,9.239087964277726,4,1,1
18/01/2023,11:00:00,1.8296990404284863,0.28067793065038604,237.36594036322657,25.435311381727765,5,6,5
18/01/2023,12:00:00,3.556734225834913,0.20300231399138682,225.89429693712938,28.330626532978208,6,4,6
18/01/2023,13:00:00,4.313928984245668,1.4784082646294252,220.03624067738502,28.459040007400432,1,1,2
18/01/2023,14:00:00,4.5932985685439025,0.254013171367446,224.47636172112857,27.853911541337528,0,7,8
18/01/2023,15:00:00,2.646470326002251,1.461260664961701,226.80882160198837,18.66052530900257,5,5,4
18/01/2023,16:00:00,3.4001778159177483,0.5742869383801084,239.8197233899337,13.905282931346731,2,3,4
18/01/2023,17:00:00,5.670035374405352,1.767654625324185,230.47083187714162,5.181820192350232,4,3,3
18/01/2023,18:00:00,6.647288164724113,1.6449849778912469,224.09427895190203,6.522805671788177,1,1,8
18/01/2023,19:00:00,6.171281986709543,1.9198774132030254,226.69636689426903,15.720975382434766,0,2,7
18/01/2023,20:00:00,4.385701010400592,1.7791478293702607,226.60615375113758,14.983153659787758,0,6,3
18/01/2023,21:00:00,3.4617568176636793,1.8733258963210597,220.39451492926352,9.617847739247079,3,2,3
18/01/2023,22:00:00,2.9977396862285093,1.7316105533752848,222.7036610834286,14.88700070079142,9,4,1
18/01/2023,23:00:00,1.7497393965041084,1.4174256111682253,233.90392919406423,9.366251636384202,1,9,8
19/01/2023,00:00:00,1.6393074832966779,0.4234923890383283,222.40501973141468,26.219781319396013,0,5,2
19/01/2023,01:00:00,5.1301457494819465,0.6162442858227766,224.61468553212237,12.45487194688997,5,5,3
19/01/2023,02:00:00,2.558766497026962,0.5041812356475188,227.01474596808617,19.96410875395775,3,3,6
19/01/2023,03:00:00,2.5279701185946806,1.2468129965505907,235.15469889004586,17.57107654997717,9,5,9
19/01/2023,04:00:00,6.989170326866714,1.0568778821498426,231.6480192973588,6.297051939849805,6,2,7
19/01/2023,05:00:00,2.1275557472427726,1.747451994601005,233.77999969977137,28.555842987279156,5,6,7
19/01/2023,06:00:00,1.888358556932978,1.9100784463482439,231.34024650840345,18.18064945626208,4,6,3
19/01/2023,07:00:00,1.5921113665595237,0.8692337902744742,233.67184850443738,13.126441084795383,9,3,6
19/01/2023,08:00:00,4.478832071000777,1.0620660512335434,220.05684307327945,8.953164240826705,1,1,9
19/01/2023,09:00:00,4.767182956012609,1.9458810779278644,238.61796288742858,13.463165868170893,4,6,0
19/01/2023,10:00:00,3.191367557541292,0.6248539890839727,222.21840461749613,5.512790075584737,8,2,5
19/01/2023,11:00:00,4.212480013068807,1.605542473181746,228.1249819195381,14.088953883707443,8,0,5
19/01/2023,12:00:00,5.730397185669475,0.5279558144369679,235.4207674048971,18.28714818261262,1,1,5
19/01/2023,13:00:00,5.90862500993049,1.3947742193080168,228.7046143601885,26.79665614627362,6,9,1
19/01/2023,14:00:00,6.74747245429389,0.5818696925132719,238.9368510333503,22.18436044244494,9,8,7
19/01/2023,15:00:00,5.945607915537247,1.779093438779635,229.35177896997533,7.789557828331035,3,7,4
19/01/2023,16:00:00,4.3890486203045596,1.166808093099686,237.49878811205343,8.693658110949027,2,5,4
19/01/2023,17:00:00,2.0779417950210757,0.45327391766133074,236.21656226724542,15.703084195459367,0,5,1
19/01/2023,18:00:00,1.5985813462170544,0.5263014338271235,239.61972605597367,9.892693790969696,2,0,3
19/01/2023,19:00:00,1.3270713394651552,1.0383134718453906,238.5309556150195,5.696244439568893,8,1,8
19/01/2023,20:00:00,4.999154990712302,1.9270438485922698,237.9624766942576,25.125372002951757,8,3,8
19/01/2023,21:00:00,5.8452175323879585,1.5623201113789436,234.63208681038935,5.488064267449853,6,2,5
19/01/2023,22:00:00,4.052103704104474,1.0277883213691057,227.33996294536442,25.767240129950352,2,0,8
19/01/2023,23:00:00,1.3282850490018396,0.7416663746682124,222.12250837129804,8.60259907582415,2,7,3
20/01/2023,00:00:00,4.212823447548029,1.143610137362041,233.7729010452878,29.366960270177902,3,6,0
20/01/2023,01:00:00,6.614495569147302,1.5218855835143774,239.5730816267593,20.096847795654753,6,3,1
20/01/2023,02:00:00,4.585679145594763,1.58946431806032,234.53208874663738,23.374574290747386,6,8,0
20/01/2023,03:00:00,5.856564930776889,0.7167567163841948,238.57458738554672,7.762090699201622,1,3,7
20/01/2023,04:00:00,5.800915890350503,1.4702026096063667,236.08609425911033,26.552601836287003,4,0,8
20/01/2023,05:00:00,6.592774598683917,1.3497986820687538,223.26229350233356,25.97980857178846,6,9,9
20/01/2023,06:00:00,5.62137259389924,1.9223133547929583,224.98407541182576,21.324818288542943,6,0,5
20/01/2023,07:00:00,5.486203084078538,1.8690715519652281,226.837312035247,17.556871614884685,5,0,1
20/01/2023,08:00:00,2.4046159898238435,1.5998207186467963,223.3652088867601,23.03722932829181,9,0,5
20/01/2023,09:00:00,1.3595509319264887,1.474449908824364,231.63302665346015,5.148205383421954,9,3,8
20/01/2023,10:00:00,4.1055967903228465,0.6206790204381241,239.509010482699,19.811018884961484,7,0,2
20/01/2023,11:00:00,1.7466052476805312,1.7073339865872135,235.22917666872317,26.185153373230914,2,1,8
20/01/2023,12:00:00,6.773175257667948,0.9122608370553956,228.46773498134922,13.922497179368872,0,3,1
20/01/2023,13:00:00,2.7395485757981715,0.6172570307614849,220.09008961960578,7.707233912072921,2,6,4
20/01/2023,14:00:00,6.117665220305758,0.8299054401115786,226.26552022276357,15.521931243580154,1,1,1
20/01/2023,15:00:00,3.325747751214756,1.688277431031365,230.5351857538443,23.177611226462673,1,7,6
20/01/2023,16:00:00,2.9391654991442646,0.3824031095979815,226.4850174770394,7.682530259266813,1,6,9
20/01/2023,17:00:00,6.610951434259727,0.9667016081276626,222.2206984604772,10.151214005322249,4,8,8
20/01/2023,18:00:00,3.179935432517344,1.0354794296060303,228.8552991372379,8.688796170717499,0,5,6
20/01/2023,19:00:00,3.3417274519788185,0.16959642543775688,225.0650563393143,24.923693889380623,9,3,4
20/01/2023,20:00:00,1.636550677677455,0.47191745614151415,238.18464752923003,6.572315561312171,3,5,3
20/01/2023,21:00:00,5.022679991695056,1.6708106142941272,222.03509057002032,22.164662552860825,9,3,3
20/01/2023,22:00:00,2.733036486865081,1.6784580383300451,220.9830525744942,14.161423018829783,4,6,9
20/01/2023,23:00:00,4.513625007037043,0.655588659380071,220.10628338309724,23.894781072132556,1,8,7
21/01/2023,00:00:00,4.548110224319257,1.7623047457360599,226.56139368971316,29.10958546960094,4,2,9
21/01/2023,01:00:00,5.315198173574602,1.566387584229861,233.20773676401777,7.8636324896620575,9,2,9
21/01/2023,02:00:00,5.471448917034648,0.8940242192112778,234.60827505763586,12.859626026686461,3,1,9
21/01/2023,03:00:00,4.086714606409236,1.5219720543695718,229.06523366763446,25.253135692971426,7,0,9
21/01/2023,04:00:00,2.9859516856204182,1.9265357992701317,233.68657300910533,11.653959651279411,0,0,9
21/01/2023,05:00:00,6.024705369008403,0.9720424643241626,227.19828072430727,10.378014926151023,4,2,0
21/01/2023,06:00:00,2.8591938964509085,0.553011640011619,233.35612439973235,25.634449446724293,9,6,4
21/01/2023,07:00:00,4.045054566815988,1.889451350095296,220.81191970604746,29.677059100149258,0,8,1
21/01/2023,08:00:00,3.4075154992223684,1.2471141482701873,227.81505969134008,18.922014753699145,9,1,8
21/01/2023,09:00:00,6.130470315818129,0.300003808712808,235.81699355266358,11.951218708333482,9,6,6
21/01/2023,10:00:00,3.591511186874973,1.18809735012771,236.06012060918002,14.964149040001349,3,0,9
21/01/2023,11:00:00,3.3165951330249057,1.0511036899517676,234.3229755775139,9.253258184590225,7,1,7
21/01/2023,12:00:00,5.1389421573858245,1.7256188987435703,224.0847724113973,24.047181972268813,0,5,5
21/01/2023,13:00:00,4.614646659168656,1.1083208605506907,224.94410237861266,24.336850445569198,1,4,8
21/01/2023,14:00:00,1.6434810009750764,0.5849416252541385,239.92177454529025,26.878024809562362,0,7,5
21/01/2023,15:00:00,4.0490128380637795,1.3837237213432882,222.0675601440392,5.665064089914097,6,1,6
21/01/2023,16:00:00,5.412870329999485,1.1308933598176023,223.6132539780482,19.049533540659482,1,0,6
21/01/2023,17:00:00,6.952448587548138,0.5427847937070577,222.60052511300265,10.35638585857961,0,6,8
21/01/2023,18:00:00,4.774881003821915,1.1898929300915249,226.5530992736723,13.522075387308927,5,5,7
21/01/2023,19:00:00,3.2217583986479066,1.6609175979904036,224.20351670467846,24.62389038216269,5,7,0
21/01/2023,20:00:00,2.3569095988127104,0.15428474367561984,229.95375919095545,9.800841309037404,9,7,3
21/01/2023,21:00:00,6.236981404919922,1.2986169734257123,229.5204141376024,20.958543764527242,1,1,6
21/01/2023,22:00:00,5.8873912726810165,0.7642118719903449,238.03011238902607,21.364154780589953,0,7,7
21/01/2023,23:00:00,2.403536924676309,0.6560757469429058,220.69479894889562,28.852347872557516,9,5,6
22/01/2023,00:00:00,2.2037925408794408,0.8459167256861113,226.39759153335527,24.379023213223427,2,8,2
22/01/2023,01:00:00,5.290820660867054,0.7498430620711651,231.9331578399418,25.090878678842337,9,6,3
22/01/2023,02:00:00,2.889712371512557,1.681254302746039,232.0960352368793,18.290018725447336,4,1,6
22/01/2023,03:00:00,2.838392790171747,0.622115840459011,229.60252458028418,9.669520179059266,5,7,7
22/01/2023,04:00:00,1.9137414824059316,1.4929907439025123,236.31331081629267,15.63908414295879,2,8,6
22/01/2023,05:00:00,2.5838531182589795,0.27871365843431856,221.25444342828916,18.737239337795508,8,6,5
22/01/2023,06:00:00,3.5650453455558972,1.9076531077203895,236.30975531160271,21.960481292842807,4,3,8
22/01/2023,07:00:00,5.3970300236344935,1.2824016107722485,229.89508480871407,20.19272779579818,1,8,8
22/01/2023,08:00:00,3.0178485664824986,1.4427652963846642,222.67521390154005,14.849445722931089,9,3,6
22/01/2023,09:00:00,2.971626036879056,0.6662747309794569,237.71403827080957,11.632827674896035,5,3,7
22/01/2023,10:00:00,2.709479515314615,0.8829834805454178,232.98457559081928,9.205771080092077,7,8,5
22/01/2023,11:00:00,3.869702005066258,0.5251789339148548,223.27091373648278,22.346134656806658,5,7,0
22/01/2023,12:00:00,2.083820187647892,1.8718185630242254,220.67299446798054,21.134966857812124,3,3,0
22/01/2023,13:00:00,3.913784404192753,1.0273984494926176,222.82219296665298,22.184311643945165,5,7,5
22/01/2023,14:00:00,5.22505333716814,1.297851419750181,232.17595920360787,14.313186320069871,7,7,1
22/01/2023,15:00:00,1.178743024195733,1.4951168580083594,223.58592470520097,11.560195564268625,7,6,7
22/01/2023,16:00:00,1.0586762818345712,0.805101573089124,224.51526149750057,23.993033217023132,9,9,0
22/01/2023,17:00:00,1.4507374609270554,1.4681931436243683,220.50279451512628,24.341184876383352,1,5,1
22/01/2023,18:00:00,4.213960370368673,1.3843857305370464,234.45861344477208,16.390409349171016,7,7,7
22/01/2023,19:00:00,6.126730499112421,1.4407527343604984,236.20728799518875,20.297602119183104,5,6,5
22/01/2023,20:00:00,1.0293067961215117,1.0295368103887645,235.93696353544246,14.33799160579353,1,4,9
22/01/2023,21:00:00,6.619967827508086,0.8275810263540725,222.55136302728567,22.54868000299517,0,3,1
22/01/2023,22:00:00,1.6376710694232148,0.5219561575970807,238.0660225477752,25.89303991619678,5,1,1
22/01/2023,23:00:00,6.0519011683493575,1.6667900703216965,233.4455765894816,22.205831933391234,6,7,6
23/01/2023,00:00:00,3.8971285898976804,1.2558650884101896,237.9505724475373,17.814565671178414,9,8,4
23/01/2023,01:00:00,4.956144323673064,0.9442691725852405,228.94321009061326,16.466448987309256,4,3,4
23/01/2023,02:00:00,4.064097906683094,1.8935922227501616,228.73909722167394,21.057991274393608,9,3,7
23/01/2023,03:00:00,3.862289351076128,0.19089374376337373,235.6907303736979,21.995272290033256,7,4,6
23/01/2023,04:00:00,6.0093965701863485,1.7153266958895903,221.86595710953486,18.968236088113475,8,1,8
23/01/2023,05:00:00,5.535318277406898,1.9954069265973475,230.41748073269773,20.623556877684877,3,6,3
23/01/2023,06:00:00,3.900413419138025,1.7851900106774479,236.72768471262452,7.414717062363305,6,4,9
23/01/2023,07:00:00,1.6698155763763696,1.639829512669688,236.6038512613914,28.79413790355817,7,5,3
23/01/2023,08:00:00,1.6924177558864488,0.8111813874720167,239.12265712684737,24.76932659330085,5,3,1
23/01/2023,09:00:00,5.809236764314453,0.5394969462983576,233.96545187061093,14.348196742669595,1,7,2
23/01/2023,10:00:00,4.1763437280852,1.4962159889492421,224.15541258879458,19.070315273840748,6,7,0
23/01/2023,11:00:00,3.8895348413161757,0.6786931959482799,220.4056062978916,6.183113253410534,8,4,0
23/01/2023,12:00:00,5.083401048164291,0.4344753960944443,229.58831597254203,6.03069534997651,4,5,6
23/01/2023,13:00:00,6.153049500485562,1.5943991854968234,230.2740773124511,11.269958377799068,1,2,4
23/01/2023,14:00:00,4.773238866479831,0.6938329392497722,224.80525168997863,22.24254105911558,3,0,2
23/01/2023,15:00:00,5.577087414078874,1.837439286025943,222.49394894247206,26.30369369500029,2,8,6
23/01/2023,16:00:00,5.5916231447017415,1.697202025156338,231.7241633238102,18.97964699949621,3,8,1
23/01/2023,17:00:00,3.137568692757754,1.7105166260675848,235.28511348048283,18.303318489558812,9,2,2
23/01/2023,18:00:00,2.644499173845974,1.5659824795060697,239.8630820718032,15.05773834478665,6,3,0
23/01/2023,19:00:00,5.806984403050952,1.7736747051719997,235.16605234421036,9.039948898950529,9,6,7
23/01/2023,20:00:00,3.263072750705461,1.6309190951384283,235.8726482851116,7.958852533164688,7,1,1
23/01/2023,21:00:00,6.420016039136231,1.2447715907919845,232.32921756457594,24.016994030524152,0,2,6
23/01/2023,22:00:00,1.4181441803807178,0.66206316530554,239.71845317940034,28.18758878241439,7,5,8
23/01/2023,23:00:00,1.349305072452038,1.7875974671068833,232.7991277022914,16.45708040965683,4,7,5
24/01/2023,00:00:00,6.56202496060845,1.6971468832690646,237.20506572799408,21.486141467890956,6,0,1
24/01/2023,01:00:00,4.89072948508861,0.9984707122000356,238.91569292481913,27.86144127202353,0,3,1
24/01/2023,02:00:00,3.2775961386899937,0.17424950340371487,238.5971700100112,7.252840823353614,1,0,8
24/01/2023,03:00:00,5.530362488897097,1.3132330820636355,227.62830687566714,24.262036327975746,0,1,9
24/01/2023,04:00:00,5.033960859961848,0.19613402198550528,221.5732411662852,20.420422109389378,4,7,7
24/01/2023,05:00:00,4.187206280917577,1.8599319275119737,223.43747405078494,19.965929470746534,5,5,8
24/01/2023,06:00:00,1.5932400559759081,1.9270993875880833,221.18446610793214,12.313510712039246,9,8,3
24/01/2023,07:00:00,5.873077523756509,0.46003127720924797,222.1079386965828,22.097333869441922,8,1,3
24/01/2023,08:00:00,6.196139144083748,1.3851398183043289,223.69302491787394,24.869943870519414,7,2,1
24/01/2023,09:00:00,2.0330121313158944,0.27531110866924924,226.82188633174803,7.821454123592429,6,8,9
24/01/2023,10:00:00,6.1030699118624,1.4860821642889321,230.8707929315015,18.338035774524595,4,8,0
24/01/2023,11:00:00,6.2670838660993855,0.7598465656900817,234.2336411871017,7.531629524685242,2,5,9
24/01/2023,12:00:00,4.296571673731096,1.393995212287846,224.21854672213024,26.814350482441114,8,2,3
24/01/2023,13:00:00,4.937074217336122,0.8084653674841379,233.4504480847628,17.690918066408685,4,4,9
24/01/2023,14:00:00,3.2934239200869486,0.3765782686831479,234.0851814900484,25.199142231518934,2,1,9
24/01/2023,15:00:00,2.690749885055596,0.8716089629548599,231.17244673732378,14.202140941655356,2,6,7
24/01/2023,16:00:00,5.3318988817098685,0.314079700606101,238.07235739597422,8.126955670408135,2,9,1
24/01/2023,17:00:00,6.171250894094849,1.196078222456197,222.2198962784362,6.037482609642787,5,7,7
24/01/2023,18:00:00,4.9244653177344855,0.17780791108401156,223.54242915204838,12.037740519309388,0,5,0
24/01/2023,19:00:00,4.069543663879295,1.1019073912397335,228.5732964877897,11.105842509101963,3,7,0
24/01/2023,20:00:00,1.9535486010650294,1.7841004294815277,222.53425470468477,19.008799350499046,7,1,3
24/01/2023,21:00:00,1.320752275628909,1.6919592132267893,231.32592287448176,5.543470951592684,2,2,6
24/01/2023,22:00:00,3.674150741480479,1.7772852292903438,227.9680093321885,18.014263607479336,4,6,8
24/01/2023,23:00:00,1.2960973821845276,1.8518927240415037,225.69191589071838,14.794293550300079,1,9,4
25/01/2023,00:00:00,4.41600779144335,0.29860298696381904,223.39979626035276,19.428056747861056,1,0,1
25/01/2023,01:00:00,3.2963751479066277,0.3446196854638548,226.7067647669642,22.560438203759116,6,6,6
25/01/2023,02:00:00,5.5431347180918165,1.1583129319949443,232.15918701664685,20.852298626995974,9,5,1
25/01/2023,03:00:00,2.8338909810171007,1.7985480700064156,231.51570421778823,29.616109234334157,2,7,8
25/01/2023,04:00:00,4.557896205804592,1.9512639673956584,223.27248000420468,8.456633596921776,4,6,8
25/01/2023,05:00:00,4.226101130530603,0.18789764294599992,222.49839621481266,15.743425223244463,2,3,2
25/01/2023,06:00:00,1.028274553133447,0.7759707599812542,220.53353525217744,15.620768416082779,5,2,7
25/01/2023,07:00:00,1.434336389585862,0.5044990838539876,220.24851187587865,15.426330092573016,9,2,3
25/01/2023,08:00:00,2.742209274916123,1.5363351129693714,237.5962087143937,21.594959801066707,2,3,2
25/01/2023,09:00:00,6.293410486124591,1.3163683502203607,220.9017771201078,17.24570151366806,7,8,0
25/01/2023,10:00:00,1.8820897293986714,0.3277872598193063,234.62442219746492,17.935813995324075,1,8,4
25/01/2023,11:00:00,5.2653659827632495,1.0186919279934459,237.43970192489914,15.808899803669117,2,1,3
25/01/2023,12:00:00,6.840199396913724,1.4023369925054536,221.96115697124915,29.792486525464064,7,4,0
25/01/2023,13:00:00,5.743405316146931,1.5801102484556715,228.72602847666036,28.189033720476054,7,0,9
25/01/2023,14:00:00,2.4576721701222635,0.1381001485896162,239.24605966348554,12.693104734109273,0,3,7
25/01/2023,15:00:00,6.45019156247849,1.7918921905693908,236.6827732104717,7.789848119166679,7,1,7
25/01/2023,16:00:00,1.5586429390503405,1.1816346276059966,229.7940806371571,25.99411810096507,9,7,7
25/01/2023,17:00:00,3.8088516512244146,1.642627318423819,235.25142225583105,29.929256285643113,1,3,2
25/01/2023,18:00:00,6.325251446358482,1.6350822570271386,236.66755248863328,12.315222350991139,6,4,5
25/01/2023,19:00:00,4.847594255541218,0.4607200545148413,226.9605392637744,13.944623146044156,5,3,6
25/01/2023,20:00:00,3.481867388366193,0.30932702848190285,237.8430583373992,28.540829537130072,1,4,8
25/01/2023,21:00:00,2.7568772004230127,1.4704458110502707,229.40946639354314,22.778237950077248,4,4,4
25/01/2023,22:00:00,3.2505964319100995,0.3972111457610762,230.5561472711766,12.390958294490904,6,4,8
25/01/2023,23:00:00,4.053650686055717,1.7148812336689752,239.99415275643662,19.52616228209788,7,2,5
26/01/2023,00:00:00,2.9142635792368443,1.4797600193379998,236.86605932304323,28.6057394841064,2,6,9
26/01/2023,01:00:00,6.813807172493798,1.699468192293999,227.2354001154596,25.295327673644465,0,2,9
26/01/2023,02:00:00,6.598465918396871,0.6681240912577575,220.206911929454,23.54581784321649,6,1,9
26/01/2023,03:00:00,6.224028809285924,0.7015363147800812,232.5234814758779,23.42490779317556,4,2,3
26/01/2023,04:00:00,3.53097901313592,1.3753209570580036,234.07826852256215,9.450508107306758,4,2,0
26/01/2023,05:00:00,5.147810616011373,0.1597473146120003,233.0160538028676,25.617030980698413,6,7,0
26/01/2023,06:00:00,6.416975842215788,1.480343818041103,239.35724702326425,11.902965811086453,0,3,9
26/01/2023,07:00:00,6.102576926073568,1.6879878346237425,237.2594205466429,28.259166447538238,7,2,4
26/01/2023,08:00:00,3.4859620841212458,0.8888108145477975,228.97663386361296,14.115999775344575,9,9,2
26/01/2023,09:00:00,1.6743162959335642,1.5532697771680906,221.25714974944762,26.441509926056412,4,4,4
26/01/2023,10:00:00,1.4537821830072968,0.4317607422662977,229.52117539003993,11.655837362945036,7,3,4
26/01/2023,11:00:00,4.462384271354216,0.7122947482570209,233.78488039924045,17.863173414556012,9,8,0
26/01/2023,12:00:00,4.855767611265589,1.9511794299099072,232.15419616454008,7.6721323872265135,9,7,7
26/01/2023,13:00:00,6.099055627582144,1.97402352976424,230.7627413542177,21.50297257490435,4,6,4
26/01/2023,14:00:00,2.7550901220461865,1.0739496007410172,229.37637916030482,25.901981879170958,6,7,4
26/01/2023,15:00:00,2.0048229433002547,1.8751126037813661,225.87523746054774,22.9611820325604,9,4,8
26/01/2023,16:00:00,3.2740349990691966,1.0931882883080237,225.5469352344926,18.08146282346643,2,3,7
26/01/2023,17:00:00,3.1214507417936503,0.6540174435061988,230.00462957851605,6.127896965036488,1,6,0
26/01/2023,18:00:00,1.7948137241071285,0.6071086473876665,223.21206292859299,28.33602517927146,5,0,2
26/01/2023,19:00:00,5.033695915078913,1.8660608401994827,226.81370847149603,22.637238714465866,4,5,6
26/01/2023,20:00:00,4.052151644376256,0.4276481390503323,226.47958549420198,23.646605959133325,8,7,0
26/01/2023,21:00:00,5.326736536688598,1.2013016705834545,231.74265603168402,24.86701438777018,9,6,0
26/01/2023,22:00:00,3.116146721018408,1.1554976293191672,221.33364600726048,23.69358564819027,3,1,4
26/01/2023,23:00:00,2.954213269466214,1.5052812008406904,236.5933736053019,16.027904102458344,2,6,8
27/01/2023,00:00:00,3.835455118263134,1.048561524297072,231.24756760768804,23.34054573219867,8,5,5
27/01/2023,01:00:00,6.264444072370882,0.6173427553454549,233.41653361551872,20.625669695258225,7,4,9
27/01/2023,02:00:00,1.241687840403882,0.4218533492999992,234.06187807518864,26.350408341719664,5,3,1
27/01/2023,03:00:00,5.828996903778832,1.2795557266611945,225.82968273685074,25.06149538343426,0,0,8
27/01/2023,04:00:00,3.213925675946539,1.466082438021143,229.40743134769733,6.034359561681497,9,1,5
27/01/2023,05:00:00,6.1277141547308664,1.182090429495862,239.12491911739335,14.472177258315131,0,6,4
27/01/2023,06:00:00,5.813218053015139,1.50286742653027,235.3341047599363,5.867903804597364,5,9,4
27/01/2023,07:00:00,3.0925674843765303,0.36889028465492424,239.3911375044637,7.551873119152448,2,2,2
27/01/2023,08:00:00,5.163259211929696,1.7766933703919574,234.92508690292576,20.035268050090284,2,4,5
27/01/2023,09:00:00,1.9577965406406408,1.2065514659761558,223.51200279417034,26.845545529056334,5,7,3
27/01/2023,10:00:00,6.377689312982728,0.3410034610959346,221.29071767689354,7.995618967731681,2,7,9
27/01/2023,11:00:00,3.4269463867114567,0.9776578879908965,231.55322873439326,16.277232186670787,9,5,1
27/01/2023,12:00:00,3.7337536921312013,1.7051043019452317,227.1562655940522,27.771972620161094,5,4,2
27/01/2023,13:00:00,5.234554306221909,1.8053681675610043,225.50915820276342,25.357524591789694,4,1,8
27/01/2023,14:00:00,5.925041420229106,0.6028340594976468,236.14421992850833,17.991697411648246,3,8,8
27/01/2023,15:00:00,2.4180564599692573,1.4514050669498608,227.33986534163895,24.289285983220775,7,0,5
27/01/2023,16:00:00,4.9681008392619725,0.2899719702191757,226.34001939468607,18.067344351113427,1,1,9
27/01/2023,17:00:00,3.351988263334891,0.16373715568309985,236.9997518633802,8.95230843207122,6,0,9
27/01/2023,18:00:00,3.212217544023768,1.1647580122578913,236.9257467297292,8.118402830541978,3,3,8
27/01/2023,19:00:00,5.140154943643928,1.4201724007234393,227.12733275510112,9.709205801676745,1,3,3
27/01/2023,20:00:00,3.3230996449356063,1.6119947892353539,236.6499740197193,13.773052374141987,6,4,4
27/01/2023,21:00:00,3.0766510009864456,0.7464108530651358,237.01556980665322,28.263231691850468,0,4,9
27/01/2023,22:00:00,6.015330448757455,0.11239827981488529,228.47861070059332,24.991960341340036,3,7,5
27/01/2023,23:00:00,1.6076567429860382,1.0110865505115723,221.32946260418342,15.820039030657938,8,2,8
28/01/2023,00:00:00,5.055355736981264,0.13012173620977727,220.0316928893268,17.32691774468935,3,5,4
28/01/2023,01:00:00,2.492352362743748,0.2747705702745199,230.4658492577799,11.64023644166037,2,2,7
28/01/2023,02:00:00,1.0929894509571418,0.7207091428103218,226.88150986740712,22.608823911803253,9,1,0
28/01/2023,03:00:00,2.000585613236152,0.9306268941643366,239.94263788316732,25.06914178655095,9,7,4
28/01/2023,04:00:00,4.639969178655207,0.6309919383363323,235.4482199925457,10.972617391689415,1,0,9
28/01/2023,05:00:00,5.254763148915624,1.2055440063589449,235.22550912700825,6.0455405946616345,2,8,0
28/01/2023,06:00:00,1.1263467013379203,0.20516459951438087,239.10485536574686,20.59722357907426,0,6,9
28/01/2023,07:00:00,1.218552659810321,0.374701449455211,237.75448795786642,19.062802978382916,9,9,5
28/01/2023,08:00:00,6.415252689057718,1.4209909614353238,226.36374958912776,15.05327887572191,7,3,6
28/01/2023,09:00:00,1.439834908682319,0.3700676218360437,223.31974443207753,21.097348544330252,0,2,4
28/01/2023,10:00:00,6.3650929516994275,1.3155728829838027,234.91784530130965,18.765332449628588,2,5,0
28/01/2023,11:00:00,2.3689954825054347,0.20390077943139456,227.56547787365747,11.26453941485482,2,8,5
28/01/2023,12:00:00,5.440106800949277,0.8740263303263667,229.46345303261913,14.943224390568059,1,8,9
28/01/2023,13:00:00,2.8583994936760724,0.43707799323024643,232.60795462549655,15.702839243681042,4,3,4
28/01/2023,14:00:00,6.152512153655103,0.30830893681685423,238.15745353870483,27.00619986188909,9,9,5
28/01/2023,15:00:00,5.202729192546148,1.1773622886523323,228.38175507341933,29.022603853223988,2,4,9
28/01/2023,16:00:00,3.410880751610171,1.8638379668106815,235.66633780438724,27.325034059912426,2,8,6
28/01/2023,17:00:00,1.4578147250444773,0.20409539105474278,225.36679582549314,22.97945060129949,7,1,6
28/01/2023,18:00:00,5.3962011032248425,0.900953071614265,233.9594358184723,19.624818340145545,3,1,1
28/01/2023,19:00:00,4.701308535791089,1.4443173317163431,220.03158842155824,22.231540886648876,3,4,2
28/01/2023,20:00:00,1.0174703070027324,0.9791068802068713,237.4301442698127,28.477730518317223,2,0,5
28/01/2023,21:00:00,1.056519135834672,1.632342297599966,220.60759159908926,11.249968380595794,0,7,2
28/01/2023,22:00:00,5.852757839156164,0.44132610014185014,234.2550750952517,18.378012691835124,7,4,1
28/01/2023,23:00:00,2.556398432811123,1.923228989552707,220.92516378522566,22.240200475010198,0,9,3
29/01/2023,00:00:00,4.816802006368394,0.8318089927678269,225.32491398788008,21.981175033106865,6,1,4
29/01/2023,01:00:00,3.725286518591485,0.7489823025941227,229.94404807113105,11.30697398942091,4,8,9
29/01/2023,02:00:00,6.180580087130604,1.7617510095560152,228.39877370696476,19.668288184743798,3,1,8
29/01/2023,03:00:00,6.501766678614931,1.1713473605943565,223.8367222920202,24.89782856050391,3,6,2
29/01/2023,04:00:00,6.980846276073124,1.081244249615361,226.67629823418474,16.876974501256097,7,7,2
29/01/2023,05:00:00,1.922104814843481,1.4812580471040189,234.55412740121935,24.832451917468376,5,5,5
29/01/2023,06:00:00,6.177784278852853,1.2016850527340717,233.38514185159298,13.997064943863869,0,6,4
29/01/2023,07:00:00,2.5961282603728106,0.4087797250385191,221.4362916752783,28.469003179093974,9,0,5
29/01/2023,08:00:00,4.544895249373046,1.3809754834433665,234.94631651145772,18.348211012477528,7,3,6
29/01/2023,09:00:00,4.034637003215265,0.3535908706360441,221.06091762394055,19.898698769815358,1,6,2
29/01/2023,10:00:00,1.107928789434326,1.6311296401347177,230.8585277819957,5.78403922011471,5,0,4
29/01/2023,11:00:00,6.596627679436569,1.9804995356533148,225.2012549608438,9.256728428214856,8,0,7
29/01/2023,12:00:00,1.4699623308953107,0.8170364874520749,231.75380255119637,20.823347011776118,0,5,3
29/01/2023,13:00:00,5.129313516446415,0.9450362065838238,225.22656791881803,15.496759294556782,5,3,9
29/01/2023,14:00:00,5.710041017249573,0.18822394541734339,239.6991593925166,17.704094761454368,7,2,1
29/01/2023,15:00:00,5.771727094286105,0.12609305735689874,226.19456367455064,6.574285218342511,9,4,3
29/01/2023,16:00:00,1.8129671135730687,1.8506967362650226,224.83921271348993,25.853380960259607,1,8,1
29/01/2023,17:00:00,3.685419703047833,0.3443857148344649,225.56930581830693,24.612640057405432,4,9,2
29/01/2023,18:00:00,5.976573222603879,0.9469796203629935,237.9294571451859,9.633849393046237,5,9,3
29/01/2023,19:00:00,2.816075262272528,1.6491737853255668,232.7243765733869,20.858233931434484,4,9,3
29/01/2023,20:00:00,3.8064920522479815,1.789705643863807,234.61368194841552,25.45788029135679,2,2,9
29/01/2023,21:00:00,2.636763356199075,1.0868556020385884,238.360210201887,21.02135341039,3,4,8
29/01/2023,22:00:00,3.781308507311945,1.1735617974543047,238.23744969690014,12.759952382396122,6,9,9
29/01/2023,23:00:00,6.3270275355572805,1.3723995476802178,234.77891693157454,21.402778761954178,3,4,5
30/01/2023,00:00:00,3.7307453861966167,1.926626693273059,223.95648857682644,10.261543692080306,8,8,8
30/01/2023,01:00:00,4.335472102445922,1.2450729257945596,236.8674664135001,12.956374931985522,9,9,3
30/01/2023,02:00:00,3.4238576998185013,1.163002992967058,224.07552068382128,11.001741327679467,1,3,8
30/01/2023,03:00:00,3.760703099219953,0.12761485700538228,234.85797628196863,18.923127559755166,4,0,8
